1,Anton@google.com,+30 145 2244,google.com
2,Tao@test.com,+89 4545 1,facebook.com
3,Max@test.com,+30 125 444,google.com
4,Peter@test.com,+50 2355,google.com
5,Mana@test.com,+30 123 123123,google.com
6,Donna@test.com,+645 44 55,google.com
7,test1@test.com,+4 4585,instagram.com
8,test23@test.com,0465 225444,bigmir.ua
9,P@re.de,089 55423456,bigmir.ua
10,Test1@test.com,+45 55 444 111 ,facebook.com
11,Tino@test.com,+80 565444,facebook.com
12,Fux@test.com,+49 301456844,facebook.com
13,Bao@test.com,05641 45477,facebook.com
14,Till@test.com,+561 145030,instagram.com
15,Fabian@test.com,0561 452784,instagram.com
16,Mark@test.com,+49 176 8544455,instagram.com
1670942295896,zzz@google.com,+30 145 2244,google.com
1670942308485,zuuzz@google.com,+30 145 2244,google.com
1670942609564,eeeeeAAA@google.com,+30 145 2244,google.com
1670942775904,feeeeeAAA@google.com,+30 145 2244,google.com
1670942795642,uuuuuuuuuufeeeeeAAA@google.com,+30 145 2244,google.com